{
  "preset": "real",
  "variant": "leduc",
  "live": true,
  "step_rewards": [
    0.2224449201291848,
    0.36164661086089217,
    0.4352473931668633,
    0.420281142664516,
    0.47589664570559137,
    0.4330873310321493,
    0.41159740759005037,
    0.4606226589464856,
    0.6233449763987872,
    0.487021718609162,
    0.5090454600956057,
    0.4827607869435548,
    0.6371092499330134,
    0.5190758869803898,
    0.5186776202042308,
    0.5094338085011155,
    0.4547710196976416,
    0.5555282902806665,
    0.45760251595883905,
    0.6447950932647135,
    0.40029325405897676,
    0.5479652207263904,
    0.4816670726741288,
    0.4478417796822445,
    0.5567327119320674,
    0.7377524407787274,
    0.589962230467461,
    0.3198894132679183,
    0.5175224485444602,
    0.6049109941482761,
    0.4338232135708398,
    0.48726655380407446,
    0.4616058192577748,
    0.6368059293944478,
    0.7788331899221302,
    0.6677386958330658,
    0.5687845091735666,
    0.6815596593488427,
    0.5684693084825112,
    0.5007577993810265,
    0.47373289864066004,
    0.5860224893976709,
    0.5622543462942711,
    0.3746563502253362,
    0.3085589845886933,
    0.6515057978295531,
    0.6265393120735743,
    0.5034884322344068,
    0.5904947648429228,
    0.640322328430659,
    0.7335883336454126,
    0.5983680870550585,
    0.457707687872792,
    0.6466883357627736,
    0.6209231393557557,
    0.4698515141806817,
    0.3254075537301149,
    0.6665939464565586,
    0.5226538010333756,
    0.5876365941213691
  ],
  "before": {
    "exploitability": 1.0458333333333332,
    "mean_nash_prob": 0.3918818675623812,
    "exact_match": 0.40106951871657753,
    "n": 187
  },
  "after": {
    "exploitability": 1.7500000000000002,
    "mean_nash_prob": 0.5744857019656323,
    "exact_match": 0.6096256684491979,
    "n": 187
  }
}
