{
  "preset": "real",
  "variant": "leduc",
  "live": true,
  "step_rewards": [
    0.27263962714961354,
    0.39940177382373065,
    0.46732989149807175,
    0.49129603011529555,
    0.41531057635412827,
    0.468766215917207,
    0.37660669679609976,
    0.3474846325139934,
    0.5257107959895272,
    0.4837788359544458,
    0.4833699692565623,
    0.4392297917422025,
    0.3888411713605892,
    0.36378057527024016,
    0.44294866464438454,
    0.3996070082261064,
    0.45227439916963164,
    0.37904105485972805,
    0.3584720082879027,
    0.44181061978633634,
    0.412764821025735,
    0.35093230660087293,
    0.4410399408574355,
    0.3674343766785585,
    0.49250923861105805,
    0.38169346453707087,
    0.4152063252297027,
    0.4500366813974668,
    0.3470432133330121,
    0.4084833813447797,
    0.371878890037663,
    0.39564220233019337,
    0.41634628785662653,
    0.37004883290681007,
    0.3333658127723252,
    0.34971377824273275,
    0.4347305059923862,
    0.2997462600394272,
    0.4591450975405311,
    0.4366895849998704,
    0.4484423936674258,
    0.4232712928022554,
    0.41136571602597694,
    0.5092153466114723,
    0.44935603248300876,
    0.3644927461679284,
    0.43889034940637517,
    0.3970969245564155,
    0.46566813896440407,
    0.46930958643662557,
    0.3892644220471763,
    0.4899894176093123,
    0.3908906647274709,
    0.38275770160136646,
    0.4168724912832834,
    0.508502650997367,
    0.48483142797416345,
    0.4190087289855069,
    0.46840545180367954,
    0.48576569647752427
  ],
  "before": {
    "exploitability": 1.0458333333333332,
    "mixed_exploitability": 1.4533794684306298,
    "mean_nash_prob": 0.38198108355920196,
    "exact_match": 0.39037433155080214,
    "n": 187
  },
  "after": {
    "exploitability": 1.0458333333333332,
    "mixed_exploitability": 1.5389203931512925,
    "mean_nash_prob": 0.3919282388157743,
    "exact_match": 0.40106951871657753,
    "n": 187
  }
}
